[
  {
    "id": 0,
    "employee_id": 0
  },
  {
    "date_operation": "Jul 30, 2024, 8:32:22 AM",
    "operation_type": "Punch_in",
    "id": 2,
    "employee_id": 2
  },
  {
    "date_operation": "Jul 30, 2024, 8:32:27 AM",
    "operation_type": "Punch_out",
    "id": 2,
    "employee_id": 2
  },
  {
    "date_operation": "Jul 30, 2024, 8:35:55 AM",
    "operation_type": "Punch_in",
    "id": 2,
    "employee_id": 2
  },
  {
    "date_operation": "Jul 30, 2024, 8:36:00 AM",
    "operation_type": "Punch_out",
    "id": 2,
    "employee_id": 2
  },
  {
    "date_operation": "Jul 30, 2024, 9:46:39 AM",
    "operation_type": "Punch_in",
    "id": 2,
    "employee_id": 2
  },
  {
    "date_operation": "Jul 30, 2024, 9:46:44 AM",
    "operation_type": "Punch_out",
    "id": 2,
    "employee_id": 2
  },
  {
    "date_operation": "Aug 1, 2024, 9:34:13 PM",
    "operation_type": "Punch_in",
    "id": 2,
    "employee_id": 2
  },
  {
    "date_operation": "Aug 1, 2024, 9:34:36 PM",
    "operation_type": "connexion mathieu",
    "id": 0,
    "employee_id": 0
  },
  {
    "date_operation": "Aug 1, 2024, 9:36:11 PM",
    "operation_type": "connexion mathieu",
    "id": 0,
    "employee_id": 0
  },
  {
    "date_operation": "Aug 1, 2024, 9:37:14 PM",
    "operation_type": "connexion mathieu",
    "id": 0,
    "employee_id": 0
  },
  {
    "date_operation": "Aug 1, 2024, 9:37:54 PM",
    "operation_type": "connexion mathieu",
    "id": 0,
    "employee_id": 0
  },
  {
    "date_operation": "Aug 1, 2024, 9:38:01 PM",
    "operation_type": "connexion mathieu",
    "id": 0,
    "employee_id": 0
  },
  {
    "date_operation": "Aug 1, 2024, 9:38:14 PM",
    "operation_type": "connexion mathieu",
    "id": 0,
    "employee_id": 0
  },
  {
    "date_operation": "Aug 1, 2024, 9:39:17 PM",
    "operation_type": "connexion mathieu",
    "id": 0,
    "employee_id": 0
  },
  {
    "date_operation": "Aug 1, 2024, 9:39:22 PM",
    "operation_type": "Punch_out",
    "id": 2,
    "employee_id": 2
  },
  {
    "date_operation": "Aug 1, 2024, 9:39:33 PM",
    "operation_type": "Punch_out",
    "id": 2,
    "employee_id": 2
  },
  {
    "date_operation": "Aug 1, 2024, 9:39:34 PM",
    "operation_type": "Punch_out",
    "id": 2,
    "employee_id": 2
  },
  {
    "date_operation": "Aug 1, 2024, 9:39:35 PM",
    "operation_type": "Punch_out",
    "id": 2,
    "employee_id": 2
  },
  {
    "date_operation": "Aug 1, 2024, 9:39:35 PM",
    "operation_type": "Punch_out",
    "id": 2,
    "employee_id": 2
  },
  {
    "date_operation": "Aug 1, 2024, 9:40:41 PM",
    "operation_type": "connexion mathieu",
    "id": 0,
    "employee_id": 0
  },
  {
    "date_operation": "Aug 1, 2024, 9:40:44 PM",
    "operation_type": "Punch_in",
    "id": 2,
    "employee_id": 2
  },
  {
    "date_operation": "Aug 1, 2024, 9:41:20 PM",
    "operation_type": "connexion mathieu",
    "id": 0,
    "employee_id": 0
  },
  {
    "date_operation": "Aug 1, 2024, 9:41:22 PM",
    "operation_type": "Punch_in",
    "id": 2,
    "employee_id": 2
  },
  {
    "date_operation": "Aug 1, 2024, 9:41:24 PM",
    "operation_type": "Punch_out",
    "id": 2,
    "employee_id": 2
  },
  {
    "date_operation": "Aug 1, 2024, 9:42:16 PM",
    "operation_type": "connexion mathieu",
    "id": 0,
    "employee_id": 0
  },
  {
    "date_operation": "Aug 1, 2024, 9:42:18 PM",
    "operation_type": "Punch_in",
    "id": 2,
    "employee_id": 2
  },
  {
    "date_operation": "Aug 1, 2024, 9:42:19 PM",
    "operation_type": "Punch_out",
    "id": 2,
    "employee_id": 2
  },
  {
    "date_operation": "Aug 1, 2024, 9:43:11 PM",
    "operation_type": "connexion mathieu",
    "id": 0,
    "employee_id": 0
  },
  {
    "date_operation": "Aug 1, 2024, 9:43:15 PM",
    "operation_type": "Punch_in",
    "id": 2,
    "employee_id": 2
  },
  {
    "date_operation": "Aug 1, 2024, 9:43:18 PM",
    "operation_type": "Punch_out",
    "id": 2,
    "employee_id": 2
  },
  {
    "date_operation": "Aug 1, 2024, 9:43:49 PM",
    "operation_type": "connexion mathieu",
    "id": 0,
    "employee_id": 0
  },
  {
    "date_operation": "Aug 1, 2024, 9:43:51 PM",
    "operation_type": "Punch_in",
    "id": 2,
    "employee_id": 2
  },
  {
    "date_operation": "Aug 1, 2024, 9:44:04 PM",
    "operation_type": "connexion nicolas",
    "id": 0,
    "employee_id": 0
  },
  {
    "date_operation": "Aug 1, 2024, 9:44:08 PM",
    "operation_type": "Punch_out",
    "id": 2,
    "employee_id": 2
  },
  {
    "date_operation": "Aug 1, 2024, 9:45:10 PM",
    "operation_type": "connexion mathieu",
    "id": 0,
    "employee_id": 0
  },
  {
    "date_operation": "Aug 1, 2024, 9:45:11 PM",
    "operation_type": "Punch_in",
    "id": 2,
    "employee_id": 2
  },
  {
    "date_operation": "Aug 1, 2024, 9:45:17 PM",
    "operation_type": "connexion mathieu",
    "id": 0,
    "employee_id": 0
  },
  {
    "date_operation": "Aug 3, 2024, 1:36:55 PM",
    "operation_type": "connexion e1",
    "id": 0,
    "employee_id": 0
  },
  {
    "date_operation": "Aug 3, 2024, 1:36:59 PM",
    "operation_type": "Punch_in",
    "id": 1,
    "employee_id": 1
  },
  {
    "date_operation": "Aug 3, 2024, 1:37:25 PM",
    "operation_type": "connexion e1",
    "id": 0,
    "employee_id": 0
  }
]